#{"t_start": 1524962350.198262, "env_id": "BerkeleyPacmanPO-v0"}
r,l,t
-660.0,100,117.336
-340.0,100,225.705607
9
