#{"t_start": 1524955501.431173, "env_id": "BerkeleyPacmanPO-v0"}
r,l,t
-450.0,100,113.133069
-520.0,100,226.604308
-810.0,100,332.295008--520.0,100,446.692988
