#{"t_start": 1524955194.784141, "env_id": "BerkeleyPacmanPO-v0"}
r,l,t
-500.0,100,111.74128

365.0,35,149.97325
